time,power,energy
0,50,0
5,570,0.4305555555555555
10,570,1.222222222222222
15,570,2.013888888888889
20,570,2.8055555555555554
25,570,3.597222222222222
30,570,4.388888888888888
35,570,5.180555555555555
40,570,5.972222222222222
45,570,6.763888888888889
50,570,7.555555555555556
55,570,8.347222222222223
60,570,9.13888888888889
65,570,9.930555555555555
70,570,10.722222222222221
75,570,11.513888888888888
80,570,12.305555555555554
85,570,13.09722222222222
90,570,13.888888888888886
95,570,14.680555555555552
100,570,15.472222222222218
105,570,16.263888888888886
110,570,17.055555555555554
115,570,17.84722222222222
120,570,18.63888888888889
125,570,19.430555555555557
130,570,20.222222222222225
135,570,21.013888888888893
140,570,21.80555555555556
145,570,22.59722222222223
150,570,23.388888888888896
155,570,24.180555555555564
160,570,24.972222222222232
165,570,25.7638888888889
170,570,26.555555555555568
175,570,27.347222222222236
180,570,28.138888888888903
185,570,28.93055555555557
190,570,29.72222222222224
195,570,30.513888888888907
200,570,31.305555555555575
205,570,32.09722222222224
210,570,32.88888888888891
215,570,33.68055555555557
220,570,34.472222222222236
225,570,35.2638888888889
230,570,36.055555555555564
235,570,36.84722222222223
240,570,37.63888888888889
245,570,38.43055555555556
250,570,39.22222222222222
255,570,40.013888888888886
260,570,40.80555555555555
265,570,41.597222222222214
270,570,42.38888888888888
275,570,43.18055555555554
280,570,43.97222222222221
285,570,44.76388888888887
290,570,45.555555555555536
295,570,46.3472222222222
300,570,47.138888888888864
305,570,47.93055555555553
310,570,48.72222222222219
315,570,49.51388888888886
320,570,50.30555555555552
325,570,51.097222222222186
330,570,51.88888888888885
335,570,52.680555555555515
340,570,53.47222222222218
345,570,54.26388888888884
350,570,55.05555555555551
355,570,55.84722222222217
360,570,56.638888888888836
365,570,57.4305555555555
370,570,58.222222222222165
375,570,59.01388888888883
380,570,59.80555555555549
385,570,60.59722222222216
390,570,61.38888888888882
395,570,62.180555555555486
400,570,62.97222222222215
405,570,63.763888888888815
410,570,64.55555555555549
415,570,65.34722222222216
420,570,66.13888888888883
425,570,66.9305555555555
430,570,67.72222222222217
435,570,68.51388888888884
440,570,69.30555555555551
445,570,70.09722222222219
450,570,70.88888888888886
455,570,71.68055555555553
460,570,72.4722222222222
465,570,73.26388888888887
470,570,74.05555555555554
475,570,74.84722222222221
480,570,75.63888888888889
485,570,76.43055555555556
490,570,77.22222222222223
495,570,78.0138888888889
500,570,78.80555555555557
505,570,79.59722222222224
510,570,80.38888888888891
515,570,81.18055555555559
520,570,81.97222222222226
525,570,82.76388888888893
530,570,83.5555555555556
535,570,84.34722222222227
540,570,85.13888888888894
545,570,85.93055555555561
550,570,86.72222222222229
555,570,87.51388888888896
560,570,88.30555555555563
565,570,89.0972222222223
570,570,89.88888888888897
575,570,90.68055555555564
580,570,91.47222222222231
585,570,92.26388888888899
590,570,93.05555555555566
595,570,93.84722222222233
600,570,94.638888888889
605,570,95.43055555555567
610,570,96.22222222222234
615,570,97.01388888888901
620,570,97.80555555555569
625,570,98.59722222222236
630,570,99.38888888888903
635,570,100.1805555555557
640,570,100.97222222222237
645,570,101.76388888888904
650,570,102.55555555555571
655,570,103.34722222222238
660,570,104.13888888888906
665,570,104.93055555555573
670,570,105.7222222222224
675,570,106.51388888888907
680,570,107.30555555555574
685,570,108.09722222222241
690,570,108.88888888888908
695,570,109.68055555555576
700,570,110.47222222222243
705,570,111.2638888888891
710,570,112.05555555555577
715,570,112.84722222222244
720,570,113.63888888888911
725,570,114.43055555555578
730,570,115.22222222222246
735,570,116.01388888888913
740,570,116.8055555555558
745,570,117.59722222222247
750,570,118.38888888888914
755,570,119.18055555555581
760,570,119.97222222222248
765,570,120.76388888888916
770,570,121.55555555555583
775,570,122.3472222222225
780,570,123.13888888888917
785,570,123.93055555555584
790,570,124.72222222222251
795,570,125.51388888888918
800,570,126.30555555555586
805,570,127.09722222222253
810,570,127.8888888888892
815,570,128.68055555555586
820,570,129.4722222222225
825,570,130.26388888888917
830,570,131.05555555555583
835,570,131.84722222222248
840,570,132.63888888888914
845,570,133.4305555555558
850,570,134.22222222222246
855,570,135.0138888888891
860,570,135.80555555555577
865,570,136.59722222222243
870,570,137.38888888888908
875,570,138.18055555555574
880,570,138.9722222222224
885,570,139.76388888888906
890,570,140.5555555555557
895,570,141.34722222222237
900,570,142.13888888888903
905,570,142.93055555555569
910,570,143.72222222222234
915,570,144.513888888889
920,570,145.30555555555566
925,570,146.0972222222223
930,570,146.88888888888897
935,570,147.68055555555563
940,570,148.47222222222229
945,570,149.26388888888894
950,570,150.0555555555556
955,570,150.84722222222226
960,570,151.6388888888889
965,570,152.43055555555557
970,570,153.22222222222223
975,570,154.01388888888889
980,570,154.80555555555554
985,570,155.5972222222222
990,570,156.38888888888886
995,570,157.18055555555551
1000,570,157.97222222222217
1005,570,158.76388888888883
1010,570,159.5555555555555
1015,570,160.34722222222214
1020,570,161.1388888888888
1025,570,161.93055555555546
1030,570,162.72222222222211
1035,570,163.51388888888877
1040,570,164.30555555555543
1045,570,165.0972222222221
1050,570,165.88888888888874
1055,570,166.6805555555554
1060,570,167.47222222222206
1065,570,168.26388888888872
1070,570,169.05555555555537
1075,570,169.84722222222203
1080,570,170.6388888888887
1085,570,171.43055555555534
1090,570,172.222222222222
1095,570,173.01388888888866
1100,570,173.80555555555532
1105,570,174.59722222222197
1110,570,175.38888888888863
1115,570,176.1805555555553
1120,570,176.97222222222194
1125,570,177.7638888888886
1130,570,178.55555555555526
1135,570,179.34722222222192
1140,570,180.13888888888857
1145,570,180.93055555555523
1150,570,181.7222222222219
1155,570,182.51388888888854
1160,570,183.3055555555552
1165,570,184.09722222222186
1170,570,184.88888888888852
1175,570,185.68055555555517
1180,570,186.47222222222183
1185,570,187.2638888888885
1190,570,188.05555555555515
1195,570,188.8472222222218
1200,570,189.63888888888846
1205,570,190.43055555555512
1210,570,191.22222222222177
1215,570,192.01388888888843
1220,570,192.8055555555551
1225,570,193.59722222222175
1230,570,194.3888888888884
1235,570,195.18055555555506
1240,570,195.97222222222172
1245,570,196.76388888888837
1250,570,197.55555555555503
1255,570,198.3472222222217
1260,570,199.13888888888835
1265,570,199.930555555555
1270,570,200.72222222222166
1275,570,201.51388888888832
1280,570,202.30555555555497
1285,570,203.09722222222163
1290,570,203.8888888888883
1295,570,204.68055555555495
1300,570,205.4722222222216
1305,570,206.26388888888826
1310,570,207.05555555555492
1315,570,207.84722222222157
1320,570,208.63888888888823
1325,570,209.4305555555549
1330,570,210.22222222222155
1335,570,211.0138888888882
1340,570,211.80555555555486
1345,570,212.59722222222152
1350,570,213.38888888888818
1355,570,214.18055555555483
1360,570,214.9722222222215
1365,570,215.76388888888815
1370,570,216.5555555555548
1375,570,217.34722222222146
1380,570,218.13888888888812
1385,570,218.93055555555478
1390,570,219.72222222222143
1395,570,220.5138888888881
1400,570,221.30555555555475
1405,570,222.0972222222214
1410,570,222.88888888888806
1415,570,223.68055555555472
1420,570,224.47222222222138
1425,570,225.26388888888803
1430,570,226.0555555555547
1435,570,226.84722222222135
1440,570,227.638888888888
1445,570,228.43055555555466
1450,570,229.22222222222132
1455,570,230.01388888888798
1460,570,230.80555555555463
1465,570,231.5972222222213
1470,570,232.38888888888795
1475,570,233.1805555555546
1480,570,233.97222222222126
1485,570,234.76388888888792
1490,570,235.55555555555458
1495,570,236.34722222222123
1500,570,237.1388888888879
1505,570,237.93055555555455
1510,570,238.7222222222212
1515,570,239.51388888888786
1520,570,240.30555555555452
1525,570,241.09722222222118
1530,570,241.88888888888783
1535,570,242.6805555555545
1540,570,243.47222222222115
1545,570,244.2638888888878
1550,570,245.05555555555446
1555,570,245.84722222222112
1560,570,246.63888888888778
1565,570,247.43055555555443
1570,570,248.2222222222211
1575,570,249.01388888888775
1580,570,249.8055555555544
1585,570,250.59722222222106
1590,570,251.38888888888772
1595,570,252.18055555555438
1600,570,252.97222222222103
1605,570,253.7638888888877
1610,570,254.55555555555435
1615,570,255.347222222221
1620,570,256.13888888888766
1625,570,256.93055555555435
1630,570,257.72222222222103
1635,570,258.5138888888877
1640,570,259.3055555555544
1645,570,260.0972222222211
1650,570,260.8888888888878
1655,570,261.68055555555446
1660,570,262.47222222222115
1665,570,263.26388888888783
1670,570,264.0555555555545
1675,570,264.8472222222212
1680,570,265.6388888888879
1685,570,266.4305555555546
1690,570,267.22222222222126
1695,570,268.01388888888795
1700,570,268.80555555555463
1705,570,269.5972222222213
1710,570,270.388888888888
1715,570,271.1805555555547
1720,570,271.9722222222214
1725,570,272.76388888888806
1730,570,273.55555555555475
1735,570,274.34722222222143
1740,570,275.1388888888881
1745,570,275.9305555555548
1750,570,276.7222222222215
1755,570,277.5138888888882
1760,570,278.30555555555486
1765,570,279.09722222222155
1770,570,279.88888888888823
1775,570,280.6805555555549
1780,570,281.4722222222216
1785,570,282.2638888888883
1790,570,283.055555555555
1795,570,283.84722222222166
1800,570,284.63888888888835
1805,570,285.43055555555503
1810,570,286.2222222222217
1815,570,287.0138888888884
1820,570,287.8055555555551
1825,570,288.5972222222218
1830,570,289.38888888888846
1835,570,290.18055555555515
1840,570,290.97222222222183
1845,570,291.7638888888885
1850,570,292.5555555555552
1855,570,293.3472222222219
1860,570,294.1388888888886
1865,570,294.93055555555526
1870,570,295.72222222222194
1875,570,296.51388888888863
1880,570,297.3055555555553
1885,570,298.097222222222
1890,570,298.8888888888887
1895,570,299.6805555555554
1900,570,300.47222222222206
1905,570,301.26388888888874
1910,570,302.05555555555543
1915,570,302.8472222222221
1920,570,303.6388888888888
1925,570,304.4305555555555
1930,570,305.2222222222222
1935,570,306.01388888888886
1940,570,306.80555555555554
1945,570,307.59722222222223
1950,570,308.3888888888889
1955,570,309.1805555555556
1960,570,309.9722222222223
1965,570,310.76388888888897
1970,570,311.55555555555566
1975,570,312.34722222222234
1980,570,313.138888888889
1985,570,313.9305555555557
1990,570,314.7222222222224
1995,570,315.5138888888891
2000,570,316.30555555555577
2005,570,317.09722222222246
2010,570,317.88888888888914
2015,570,318.6805555555558
2020,570,319.4722222222225
2025,570,320.2638888888892
2030,570,321.0555555555559
2035,570,321.84722222222257
2040,570,322.63888888888926
2045,570,323.43055555555594
2050,570,324.2222222222226
2055,570,325.0138888888893
2060,570,325.805555555556
2065,570,326.5972222222227
2070,570,327.38888888888937
2075,570,328.18055555555605
2080,570,328.97222222222274
2085,570,329.7638888888894
2090,570,330.5555555555561
2095,570,331.3472222222228
2100,570,332.1388888888895
2105,570,332.93055555555617
2110,570,333.72222222222285
2115,570,334.51388888888954
2120,570,335.3055555555562
2125,570,336.0972222222229
2130,570,336.8888888888896
2135,570,337.6805555555563
2140,570,338.47222222222297
2145,570,339.26388888888965
2150,570,340.05555555555634
2155,570,340.847222222223
2160,570,341.6388888888897
2165,570,342.4305555555564
2170,570,343.2222222222231
2175,570,344.01388888888977
2180,570,344.80555555555645
2185,570,345.59722222222314
2190,570,346.3888888888898
2195,570,347.1805555555565
2200,570,347.9722222222232
2205,570,348.7638888888899
2210,570,349.55555555555657
2215,570,350.34722222222325
2220,570,351.13888888888994
2225,570,351.9305555555566
2230,570,352.7222222222233
2235,570,353.51388888889
2240,570,354.3055555555567
2245,570,355.09722222222337
2250,570,355.88888888889005
2255,570,356.68055555555674
2260,570,357.4722222222234
2265,570,358.2638888888901
2270,570,359.0555555555568
2275,570,359.8472222222235
2280,570,360.63888888889016
2285,570,361.43055555555685
2290,570,362.22222222222354
2295,570,363.0138888888902
2300,570,363.8055555555569
2305,570,364.5972222222236
2310,570,365.3888888888903
2315,570,366.18055555555696
2320,570,366.97222222222365
2325,570,367.76388888889034
2330,570,368.555555555557
2335,570,369.3472222222237
2340,570,370.1388888888904
2345,570,370.9305555555571
2350,570,371.72222222222376
2355,570,372.51388888889045
2360,570,373.30555555555713
2365,570,374.0972222222238
2370,570,374.8888888888905
2375,570,375.6805555555572
2380,570,376.4722222222239
2385,570,377.26388888889056
2390,570,378.05555555555725
2395,570,378.84722222222393
2400,570,379.6388888888906
2405,570,380.4305555555573
2410,570,381.222222222224
2415,570,382.0138888888907
2420,570,382.80555555555736
2425,570,383.59722222222405
2430,570,384.38888888889073
2435,570,385.1805555555574
2440,570,385.9722222222241
2445,570,386.7638888888908
2450,570,387.5555555555575
2455,570,388.34722222222416
2460,570,389.13888888889085
2465,570,389.93055555555753
2470,570,390.7222222222242
2475,570,391.5138888888909
2480,570,392.3055555555576
2485,570,393.0972222222243
2490,570,393.88888888889096
2495,570,394.68055555555765
2500,570,395.47222222222433
2505,570,396.263888888891
2510,570,397.0555555555577
2515,570,397.8472222222244
2520,570,398.6388888888911
2525,570,399.43055555555776
2530,570,400.22222222222445
2535,570,401.01388888889113
2540,570,401.8055555555578
2545,570,402.5972222222245
2550,570,403.3888888888912
2555,570,404.1805555555579
2560,570,404.97222222222456
2565,570,405.76388888889124
2570,570,406.55555555555793
2575,570,407.3472222222246
2580,570,408.1388888888913
2585,570,408.930555555558
2590,570,409.7222222222247
2595,570,410.51388888889136
2600,570,411.30555555555804
2605,570,412.09722222222473
2610,570,412.8888888888914
2615,570,413.6805555555581
2620,570,414.4722222222248
2625,570,415.2638888888915
2630,570,416.05555555555816
2635,570,416.84722222222484
2640,570,417.63888888889153
2645,570,418.4305555555582
2650,570,419.2222222222249
2655,570,420.0138888888916
2660,570,420.80555555555827
2665,570,421.59722222222496
2670,570,422.38888888889164
2675,570,423.1805555555583
2680,570,423.972222222225
2685,570,424.7638888888917
2690,570,425.5555555555584
2695,570,426.34722222222507
2700,570,427.13888888889176
2705,570,427.93055555555844
2710,570,428.7222222222251
2715,570,429.5138888888918
2720,570,430.3055555555585
2725,570,431.0972222222252
2730,570,431.88888888889187
2735,570,432.68055555555856
2740,570,433.47222222222524
2745,570,434.2638888888919
2750,570,435.0555555555586
2755,570,435.8472222222253
2760,570,436.638888888892
2765,570,437.43055555555867
2770,570,438.22222222222535
2775,570,439.01388888889204
2780,570,439.8055555555587
2785,570,440.5972222222254
2790,570,441.3888888888921
2795,570,442.1805555555588
2800,570,442.97222222222547
2805,570,443.76388888889215
2810,570,444.55555555555884
2815,570,445.3472222222255
2820,570,446.1388888888922
2825,570,446.9305555555589
2830,570,447.7222222222256
2835,570,448.51388888889227
2840,570,449.30555555555895
2845,570,450.09722222222564
2850,570,450.8888888888923
2855,570,451.680555555559
2860,570,452.4722222222257
2865,570,453.2638888888924
2870,570,454.05555555555907
2875,570,454.84722222222575
2880,570,455.63888888889244
2885,570,456.4305555555591
2890,570,457.2222222222258
2895,570,458.0138888888925
2900,570,458.8055555555592
2905,570,459.59722222222587
2910,570,460.38888888889255
2915,570,461.18055555555924
2920,570,461.9722222222259
2925,570,462.7638888888926
2930,570,463.5555555555593
2935,570,464.347222222226
2940,570,465.13888888889267
2945,570,465.93055555555935
2950,570,466.72222222222604
2955,570,467.5138888888927
2960,570,468.3055555555594
2965,570,469.0972222222261
2970,570,469.8888888888928
2975,570,470.68055555555947
2980,570,471.47222222222615
2985,570,472.26388888889284
2990,570,473.0555555555595
2995,570,473.8472222222262
3000,570,474.6388888888929
3005,570,475.4305555555596
3010,570,476.22222222222626
3015,570,477.01388888889295
3020,570,477.80555555555964
3025,570,478.5972222222263
3030,570,479.388888888893
3035,570,480.1805555555597
3040,570,480.9722222222264
3045,570,481.76388888889306
3050,570,482.55555555555975
3055,570,483.34722222222643
3060,570,484.1388888888931
3065,570,484.9305555555598
3070,570,485.7222222222265
3075,570,486.5138888888932
3080,570,487.30555555555986
3085,570,488.09722222222655
3090,570,488.88888888889323
3095,570,489.6805555555599
3100,570,490.4722222222266
3105,570,491.2638888888933
3110,570,492.05555555556
3115,570,492.84722222222666
3120,570,493.63888888889335
3125,570,494.43055555556003
3130,570,495.2222222222267
3135,570,496.0138888888934
3140,570,496.8055555555601
3145,570,497.5972222222268
3150,570,498.38888888889346
3155,570,499.18055555556015
3160,570,499.97222222222683
3165,570,500.7638888888935
3170,570,501.5555555555602
3175,570,502.3472222222269
3180,570,503.1388888888936
3185,570,503.93055555556026
3190,570,504.72222222222695
3195,570,505.51388888889363
3200,570,506.3055555555603
3205,570,507.097222222227
3210,570,507.8888888888937
3215,570,508.6805555555604
3220,570,509.47222222222706
3225,570,510.26388888889375
3230,570,511.05555555556043
3235,570,511.8472222222271
3240,570,512.6388888888938
3245,570,513.4305555555604
3250,570,514.2222222222271
3255,570,515.0138888888937
3260,570,515.8055555555603
3265,570,516.597222222227
3270,570,517.3888888888936
3275,570,518.1805555555602
3280,570,518.9722222222268
3285,570,519.7638888888935
3290,570,520.5555555555601
3295,570,521.3472222222267
3300,570,522.1388888888933
3305,570,522.93055555556
3310,570,523.7222222222266
3315,570,524.5138888888932
3320,570,525.3055555555599
3325,570,526.0972222222265
3330,570,526.8888888888931
3335,570,527.6805555555597
3340,570,528.4722222222264
3345,570,529.263888888893
3350,570,530.0555555555596
3355,570,530.8472222222263
3360,570,531.6388888888929
3365,570,532.4305555555595
3370,570,533.2222222222262
3375,570,534.0138888888928
3380,570,534.8055555555594
3385,570,535.597222222226
3390,570,536.3888888888927
3395,570,537.1805555555593
3400,570,537.9722222222259
3405,570,538.7638888888926
3410,570,539.5555555555592
3415,570,540.3472222222258
3420,570,541.1388888888924
3425,570,541.9305555555591
3430,570,542.7222222222257
3435,570,543.5138888888923
3440,570,544.305555555559
3445,570,545.0972222222256
3450,570,545.8888888888922
3455,570,546.6805555555588
3460,570,547.4722222222255
3465,570,548.2638888888921
3470,570,549.0555555555587
3475,570,549.8472222222254
3480,570,550.638888888892
3485,570,551.4305555555586
3490,570,552.2222222222252
3495,570,553.0138888888919
3500,570,553.8055555555585
3505,570,554.5972222222251
3510,570,555.3888888888918
3515,570,556.1805555555584
3520,570,556.972222222225
3525,570,557.7638888888916
3530,570,558.5555555555583
3535,570,559.3472222222249
3540,570,560.1388888888915
3545,570,560.9305555555582
3550,570,561.7222222222248
3555,570,562.5138888888914
3560,570,563.305555555558
3565,570,564.0972222222247
3570,570,564.8888888888913
3575,570,565.6805555555579
3580,570,566.4722222222246
3585,570,567.2638888888912
3590,570,568.0555555555578
3595,570,568.8472222222244
3600,570,569.6388888888911
3605,570,570.4305555555577
3610,570,571.2222222222243
3615,570,572.013888888891
3620,570,572.8055555555576
3625,570,573.5972222222242
3630,570,574.3888888888908
3635,570,575.1805555555575
3640,570,575.9722222222241
3645,570,576.7638888888907
3650,570,577.5555555555574
3655,570,578.347222222224
3660,570,579.1388888888906
3665,570,579.9305555555572
3670,570,580.7222222222239
3675,570,581.5138888888905
3680,570,582.3055555555571
3685,570,583.0972222222238
3690,570,583.8888888888904
3695,570,584.680555555557
3700,570,585.4722222222236
3705,570,586.2638888888903
3710,570,587.0555555555569
3715,570,587.8472222222235
3720,570,588.6388888888902
3725,570,589.4305555555568
3730,570,590.2222222222234
3735,570,591.01388888889
3740,570,591.8055555555567
3745,570,592.5972222222233
3750,570,593.3888888888899
3755,570,594.1805555555566
3760,570,594.9722222222232
3765,570,595.7638888888898
3770,570,596.5555555555565
3775,570,597.3472222222231
3780,570,598.1388888888897
3785,570,598.9305555555563
3790,570,599.722222222223
3795,570,600.5138888888896
3800,570,601.3055555555562
3805,570,602.0972222222229
3810,570,602.8888888888895
3815,570,603.6805555555561
3820,570,604.4722222222227
3825,570,605.2638888888894
3830,570,606.055555555556
3835,570,606.8472222222226
3840,570,607.6388888888893
3845,570,608.4305555555559
3850,570,609.2222222222225
3855,570,610.0138888888891
3860,570,610.8055555555558
3865,570,611.5972222222224
3870,570,612.388888888889
3875,570,613.1805555555557
3880,570,613.9722222222223
3885,570,614.7638888888889
3890,570,615.5555555555555
3895,570,616.3472222222222
3900,570,617.1388888888888
3905,570,617.9305555555554
3910,570,618.7222222222221
3915,570,619.5138888888887
3920,570,620.3055555555553
3925,570,621.097222222222
3930,570,621.8888888888886
3935,570,622.6805555555552
3940,570,623.4722222222218
3945,570,624.2638888888885
3950,570,625.0555555555551
3955,570,625.8472222222217
3960,570,626.6388888888883
3965,570,627.430555555555
3970,570,628.2222222222216
3975,570,629.0138888888882
3980,570,629.8055555555549
3985,570,630.5972222222215
3990,570,631.3888888888881
3995,570,632.1805555555547
4000,570,632.9722222222214
4005,570,633.763888888888
4010,570,634.5555555555546
4015,570,635.3472222222213
4020,570,636.1388888888879
4025,570,636.9305555555545
4030,570,637.7222222222211
4035,570,638.5138888888878
4040,570,639.3055555555544
4045,570,640.097222222221
4050,570,640.8888888888877
4055,570,641.6805555555543
4060,570,642.4722222222209
4065,570,643.2638888888875
4070,570,644.0555555555542
4075,570,644.8472222222208
4080,570,645.6388888888874
4085,570,646.4305555555541
4090,570,647.2222222222207
4095,570,648.0138888888873
4100,570,648.805555555554
4105,570,649.5972222222206
4110,570,650.3888888888872
4115,570,651.1805555555538
4120,570,651.9722222222205
4125,570,652.7638888888871
4130,570,653.5555555555537
4135,570,654.3472222222204
4140,570,655.138888888887
4145,570,655.9305555555536
4150,570,656.7222222222202
4155,570,657.5138888888869
4160,570,658.3055555555535
4165,570,659.0972222222201
4170,570,659.8888888888868
4175,570,660.6805555555534
4180,570,661.47222222222
4185,570,662.2638888888866
4190,570,663.0555555555533
4195,570,663.8472222222199
4200,570,664.6388888888865
4205,570,665.4305555555532
4210,570,666.2222222222198
4215,570,667.0138888888864
4220,570,667.805555555553
4225,570,668.5972222222197
4230,570,669.3888888888863
4235,570,670.1805555555529
4240,570,670.9722222222196
4245,570,671.7638888888862
4250,570,672.5555555555528
4255,570,673.3472222222194
4260,570,674.1388888888861
4265,570,674.9305555555527
4270,570,675.7222222222193
4275,570,676.513888888886
4280,570,677.3055555555526
4285,570,678.0972222222192
4290,570,678.8888888888858
4295,570,679.6805555555525
4300,570,680.4722222222191
4305,570,681.2638888888857
4310,570,682.0555555555524
4315,570,682.847222222219
4320,570,683.6388888888856
4325,570,684.4305555555522
4330,570,685.2222222222189
4335,570,686.0138888888855
4340,570,686.8055555555521
4345,570,687.5972222222188
4350,570,688.3888888888854
4355,570,689.180555555552
4360,570,689.9722222222186
4365,570,690.7638888888853
4370,570,691.5555555555519
4375,570,692.3472222222185
4380,570,693.1388888888852
4385,570,693.9305555555518
4390,570,694.7222222222184
4395,570,695.513888888885
4400,570,696.3055555555517
4405,570,697.0972222222183
4410,570,697.8888888888849
4415,570,698.6805555555516
4420,570,699.4722222222182
4425,570,700.2638888888848
4430,570,701.0555555555515
4435,570,701.8472222222181
4440,570,702.6388888888847
4445,570,703.4305555555513
4450,570,704.222222222218
4455,570,705.0138888888846
4460,570,705.8055555555512
4465,570,706.5972222222179
4470,570,707.3888888888845
4475,570,708.1805555555511
4480,570,708.9722222222177
4485,570,709.7638888888844
4490,570,710.555555555551
4495,570,711.3472222222176
4500,570,712.1388888888843
4505,570,712.9305555555509
4510,570,713.7222222222175
4515,570,714.5138888888841
4520,570,715.3055555555508
4525,570,716.0972222222174
4530,570,716.888888888884
4535,570,717.6805555555507
4540,570,718.4722222222173
4545,570,719.2638888888839
4550,570,720.0555555555505
4555,570,720.8472222222172
4560,570,721.6388888888838
4565,570,722.4305555555504
4570,570,723.222222222217
4575,570,724.0138888888837
4580,570,724.8055555555503
4585,570,725.5972222222169
4590,570,726.3888888888836
4595,570,727.1805555555502
4600,570,727.9722222222168
4605,570,728.7638888888835
4610,570,729.5555555555501
4615,570,730.3472222222167
4620,570,731.1388888888833
4625,570,731.93055555555
4630,570,732.7222222222166
4635,570,733.5138888888832
4640,570,734.3055555555499
4645,570,735.0972222222165
4650,570,735.8888888888831
4655,570,736.6805555555497
4660,570,737.4722222222164
4665,570,738.263888888883
4670,570,739.0555555555496
4675,570,739.8472222222163
4680,570,740.6388888888829
4685,570,741.4305555555495
4690,570,742.2222222222161
4695,570,743.0138888888828
4700,570,743.8055555555494
4705,570,744.597222222216
4710,570,745.3888888888827
4715,570,746.1805555555493
4720,570,746.9722222222159
4725,570,747.7638888888825
4730,570,748.5555555555492
4735,570,749.3472222222158
4740,570,750.1388888888824
4745,570,750.9305555555491
4750,570,751.7222222222157
4755,570,752.5138888888823
4760,570,753.305555555549
4765,570,754.0972222222156
4770,570,754.8888888888822
4775,570,755.6805555555488
4780,570,756.4722222222155
4785,570,757.2638888888821
4790,570,758.0555555555487
4795,570,758.8472222222154
4800,570,759.638888888882
4805,570,760.4305555555486
4810,570,761.2222222222152
4815,570,762.0138888888819
4820,570,762.8055555555485
4825,570,763.5972222222151
4830,570,764.3888888888818
4835,570,765.1805555555484
4840,570,765.972222222215
4845,570,766.7638888888816
4850,570,767.5555555555483
4855,570,768.3472222222149
4860,570,769.1388888888815
4865,570,769.9305555555482
4870,570,770.7222222222148
4875,570,771.5138888888814
4880,570,772.305555555548
4885,570,773.0972222222147
4890,570,773.8888888888813
4895,570,774.6805555555479
4900,570,775.4722222222146
4905,570,776.2638888888812
4910,570,777.0555555555478
4915,570,777.8472222222144
4920,570,778.6388888888811
4925,570,779.4305555555477
4930,570,780.2222222222143
4935,570,781.013888888881
4940,570,781.8055555555476
4945,570,782.5972222222142
4950,570,783.3888888888808
4955,570,784.1805555555475
4960,570,784.9722222222141
4965,570,785.7638888888807
4970,570,786.5555555555474
4975,570,787.347222222214
4980,570,788.1388888888806
4985,570,788.9305555555472
4990,570,789.7222222222139
4995,570,790.5138888888805
5000,570,791.3055555555471
5005,570,792.0972222222138
5010,570,792.8888888888804
5015,570,793.680555555547
5020,570,794.4722222222136
5025,570,795.2638888888803
5030,570,796.0555555555469
5035,570,796.8472222222135
5040,570,797.6388888888802
5045,570,798.4305555555468
5050,570,799.2222222222134
5055,570,800.01388888888
5060,570,800.8055555555467
5065,570,801.5972222222133
5070,570,802.3888888888799
5075,570,803.1805555555466
5080,570,803.9722222222132
5085,570,804.7638888888798
5090,570,805.5555555555464
5095,570,806.3472222222131
5100,570,807.1388888888797
5105,570,807.9305555555463
5110,570,808.722222222213
5115,570,809.5138888888796
5120,570,810.3055555555462
5125,570,811.0972222222128
5130,570,811.8888888888795
5135,570,812.6805555555461
5140,570,813.4722222222127
5145,570,814.2638888888794
5150,570,815.055555555546
5155,570,815.8472222222126
5160,570,816.6388888888793
5165,570,817.4305555555459
5170,570,818.2222222222125
5175,570,819.0138888888791
5180,570,819.8055555555458
5185,570,820.5972222222124
5190,570,821.388888888879
5195,570,822.1805555555457
5200,570,822.9722222222123
5205,570,823.7638888888789
5210,570,824.5555555555455
5215,570,825.3472222222122
5220,570,826.1388888888788
5225,570,826.9305555555454
5230,570,827.722222222212
5235,570,828.5138888888787
5240,570,829.3055555555453
5245,570,830.0972222222119
5250,570,830.8888888888786
5255,570,831.6805555555452
5260,570,832.4722222222118
5265,570,833.2638888888785
5270,570,834.0555555555451
5275,570,834.8472222222117
5280,570,835.6388888888783
5285,570,836.430555555545
5290,570,837.2222222222116
5295,570,838.0138888888782
5300,570,838.8055555555449
5305,570,839.5972222222115
5310,570,840.3888888888781
5315,570,841.1805555555447
5320,570,841.9722222222114
5325,570,842.763888888878
5330,570,843.5555555555446
5335,570,844.3472222222113
5340,570,845.1388888888779
5345,570,845.9305555555445
5350,570,846.7222222222111
5355,570,847.5138888888778
5360,570,848.3055555555444
5365,570,849.097222222211
5370,570,849.8888888888777
5375,570,850.6805555555443
5380,570,851.4722222222109
5385,570,852.2638888888775
5390,570,853.0555555555442
5395,570,853.8472222222108
5400,570,854.6388888888774
5405,570,855.4305555555441
5410,570,856.2222222222107
5415,570,857.0138888888773
5420,570,857.805555555544
5425,570,858.5972222222106
5430,570,859.3888888888772
5435,570,860.1805555555438
5440,570,860.9722222222105
5445,570,861.7638888888771
5450,570,862.5555555555437
5455,570,863.3472222222103
5460,570,864.138888888877
5465,570,864.9305555555436
5470,570,865.7222222222102
5475,570,866.5138888888769
5480,570,867.3055555555435
5485,570,868.0972222222101
5490,570,868.8888888888767
5495,570,869.6805555555434
5500,570,870.47222222221
5505,570,871.2638888888766
5510,570,872.0555555555433
5515,570,872.8472222222099
5520,570,873.6388888888765
5525,570,874.4305555555432
5530,570,875.2222222222098
5535,570,876.0138888888764
5540,570,876.805555555543
5545,570,877.5972222222097
5550,570,878.3888888888763
5555,570,879.1805555555429
5560,570,879.9722222222096
5565,570,880.7638888888762
5570,570,881.5555555555428
5575,570,882.3472222222094
5580,570,883.1388888888761
5585,570,883.9305555555427
5590,570,884.7222222222093
5595,570,885.513888888876
5600,570,886.3055555555426
5605,570,887.0972222222092
5610,570,887.8888888888758
5615,570,888.6805555555425
5620,570,889.4722222222091
5625,570,890.2638888888757
5630,570,891.0555555555424
5635,570,891.847222222209
5640,570,892.6388888888756
5645,570,893.4305555555422
5650,570,894.2222222222089
5655,570,895.0138888888755
5660,570,895.8055555555421
5665,570,896.5972222222088
5670,570,897.3888888888754
5675,570,898.180555555542
5680,570,898.9722222222086
5685,570,899.7638888888753
5690,570,900.5555555555419
5695,570,901.3472222222085
5700,570,902.1388888888752
5705,570,902.9305555555418
5710,570,903.7222222222084
5715,570,904.513888888875
5720,570,905.3055555555417
5725,570,906.0972222222083
5730,570,906.8888888888749
5735,570,907.6805555555416
5740,570,908.4722222222082
5745,570,909.2638888888748
5750,570,910.0555555555414
5755,570,910.8472222222081
5760,570,911.6388888888747
5765,570,912.4305555555413
5770,570,913.222222222208
5775,570,914.0138888888746
5780,570,914.8055555555412
5785,570,915.5972222222078
5790,570,916.3888888888745
5795,570,917.1805555555411
5800,570,917.9722222222077
5805,570,918.7638888888744
5810,570,919.555555555541
5815,570,920.3472222222076
5820,570,921.1388888888742
5825,570,921.9305555555409
5830,570,922.7222222222075
5835,570,923.5138888888741
5840,570,924.3055555555408
5845,570,925.0972222222074
5850,570,925.888888888874
5855,570,926.6805555555406
5860,570,927.4722222222073
5865,570,928.2638888888739
5870,570,929.0555555555405
5875,570,929.8472222222072
5880,570,930.6388888888738
5885,570,931.4305555555404
5890,570,932.222222222207
5895,570,933.0138888888737
5900,570,933.8055555555403
5905,570,934.5972222222069
5910,570,935.3888888888736
5915,570,936.1805555555402
5920,570,936.9722222222068
5925,570,937.7638888888735
5930,570,938.5555555555401
5935,570,939.3472222222067
5940,570,940.1388888888733
5945,570,940.93055555554
5950,570,941.7222222222066
5955,570,942.5138888888732
5960,570,943.3055555555399
5965,570,944.0972222222065
5970,570,944.8888888888731
5975,570,945.6805555555397
5980,570,946.4722222222064
5985,570,947.263888888873
5990,570,948.0555555555396
5995,570,948.8472222222063
6000,570,949.6388888888729
6005,570,950.4305555555395
6010,570,951.2222222222061
6015,570,952.0138888888728
6020,570,952.8055555555394
6025,570,953.597222222206
6030,570,954.3888888888727
6035,570,955.1805555555393
6040,570,955.9722222222059
6045,570,956.7638888888725
6050,570,957.5555555555392
6055,570,958.3472222222058
6060,570,959.1388888888724
6065,570,959.9305555555391
6070,570,960.7222222222057
6075,570,961.5138888888723
6080,570,962.305555555539
6085,570,963.0972222222056
6090,570,963.8888888888722
6095,570,964.6805555555388
6100,570,965.4722222222055
6105,570,966.2638888888721
6110,570,967.0555555555387
6115,570,967.8472222222053
6120,570,968.638888888872
6125,570,969.4305555555386
6130,570,970.2222222222052
6135,570,971.0138888888719
6140,570,971.8055555555385
6145,570,972.5972222222051
6150,570,973.3888888888717
6155,570,974.1805555555384
6160,570,974.972222222205
6165,570,975.7638888888716
6170,570,976.5555555555383
6175,570,977.3472222222049
6180,570,978.1388888888715
6185,570,978.9305555555381
6190,570,979.7222222222048
6195,570,980.5138888888714
6200,570,981.305555555538
6205,570,982.0972222222047
6210,570,982.8888888888713
6215,570,983.6805555555379
6220,570,984.4722222222046
6225,570,985.2638888888712
6230,570,986.0555555555378
6235,570,986.8472222222044
6240,570,987.6388888888711
6245,570,988.4305555555377
6250,570,989.2222222222043
6255,570,990.013888888871
6260,570,990.8055555555376
6265,570,991.5972222222042
6270,570,992.3888888888708
6275,570,993.1805555555375
6280,570,993.9722222222041
6285,570,994.7638888888707
6290,570,995.5555555555374
6295,570,996.347222222204
6300,570,997.1388888888706
6305,570,997.9305555555372
6310,570,998.7222222222039
6315,570,999.5138888888705
6320,570,1000.3055555555371
6325,570,1001.0972222222038
6330,570,1001.8888888888704
6335,570,1002.680555555537
6340,570,1003.4722222222036
6345,570,1004.2638888888703
6350,570,1005.0555555555369
6355,570,1005.8472222222035
6360,570,1006.6388888888702
6365,570,1007.4305555555368
6370,570,1008.2222222222034
6375,570,1009.01388888887
6380,570,1009.8055555555367
6385,570,1010.5972222222033
6390,570,1011.3888888888699
6395,570,1012.1805555555366
6400,570,1012.9722222222032
6405,570,1013.7638888888698
6410,570,1014.5555555555364
6415,570,1015.3472222222031
6420,570,1016.1388888888697
6425,570,1016.9305555555363
6430,570,1017.722222222203
6435,570,1018.5138888888696
6440,570,1019.3055555555362
6445,570,1020.0972222222028
6450,570,1020.8888888888695
6455,570,1021.6805555555361
6460,570,1022.4722222222027
6465,570,1023.2638888888694
6470,570,1024.055555555536
6475,570,1024.8472222222028
6480,570,1025.6388888888696
6485,570,1026.4305555555363
6490,570,1027.222222222203
6495,570,1028.0138888888698
6500,570,1028.8055555555366
6505,570,1029.5972222222033
6510,570,1030.38888888887
6515,570,1031.1805555555368
6520,570,1031.9722222222035
6525,570,1032.7638888888703
6530,570,1033.555555555537
6535,570,1034.3472222222038
6540,570,1035.1388888888705
6545,570,1035.9305555555372
6550,570,1036.722222222204
6555,570,1037.5138888888707
6560,570,1038.3055555555375
6565,570,1039.0972222222042
6570,570,1039.888888888871
6575,570,1040.6805555555377
6580,570,1041.4722222222044
6585,570,1042.2638888888712
6590,570,1043.055555555538
6595,570,1043.8472222222047
6600,570,1044.6388888888714
6605,570,1045.4305555555381
6610,570,1046.222222222205
6615,570,1047.0138888888716
6620,570,1047.8055555555384
6625,570,1048.5972222222051
6630,570,1049.3888888888719
6635,570,1050.1805555555386
6640,570,1050.9722222222053
6645,570,1051.763888888872
6650,570,1052.5555555555388
6655,570,1053.3472222222056
6660,570,1054.1388888888723
6665,570,1054.930555555539
6670,570,1055.7222222222058
6675,570,1056.5138888888725
6680,570,1057.3055555555393
6685,570,1058.097222222206
6690,570,1058.8888888888728
6695,570,1059.6805555555395
6700,570,1060.4722222222063
6705,570,1061.263888888873
6710,570,1062.0555555555397
6715,570,1062.8472222222065
6720,570,1063.6388888888732
6725,570,1064.43055555554
6730,570,1065.2222222222067
6735,570,1066.0138888888735
6740,570,1066.8055555555402
6745,570,1067.597222222207
6750,570,1068.3888888888737
6755,570,1069.1805555555404
6760,570,1069.9722222222072
6765,570,1070.763888888874
6770,570,1071.5555555555406
6775,570,1072.3472222222074
6780,570,1073.1388888888741
6785,570,1073.9305555555409
6790,570,1074.7222222222076
6795,570,1075.5138888888744
6800,570,1076.305555555541
6805,570,1077.0972222222078
6810,570,1077.8888888888746
6815,570,1078.6805555555413
6820,570,1079.472222222208
6825,570,1080.2638888888748
6830,570,1081.0555555555416
6835,570,1081.8472222222083
6840,570,1082.638888888875
6845,570,1083.4305555555418
6850,570,1084.2222222222085
6855,570,1085.0138888888753
6860,570,1085.805555555542
6865,570,1086.5972222222088
6870,570,1087.3888888888755
6875,570,1088.1805555555422
6880,570,1088.972222222209
6885,570,1089.7638888888757
6890,570,1090.5555555555425
6895,570,1091.3472222222092
6900,570,1092.138888888876
6905,570,1092.9305555555427
6910,570,1093.7222222222094
6915,570,1094.5138888888762
6920,570,1095.305555555543
6925,570,1096.0972222222097
6930,570,1096.8888888888764
6935,570,1097.6805555555432
6940,570,1098.47222222221
6945,570,1099.2638888888766
6950,570,1100.0555555555434
6955,570,1100.8472222222101
6960,570,1101.6388888888769
6965,570,1102.4305555555436
6970,570,1103.2222222222103
6975,570,1104.013888888877
6980,570,1104.8055555555438
6985,570,1105.5972222222106
6990,570,1106.3888888888773
6995,570,1107.180555555544
7000,570,1107.9722222222108
7005,570,1108.7638888888775
7010,570,1109.5555555555443
7015,570,1110.347222222211
7020,570,1111.1388888888778
7025,570,1111.9305555555445
7030,570,1112.7222222222113
7035,570,1113.513888888878
7040,570,1114.3055555555447
7045,570,1115.0972222222115
7050,570,1115.8888888888782
7055,570,1116.680555555545
7060,570,1117.4722222222117
7065,570,1118.2638888888785
7070,570,1119.0555555555452
7075,570,1119.847222222212
7080,570,1120.6388888888787
7085,570,1121.4305555555454
7090,570,1122.2222222222122
7095,570,1123.013888888879
7100,570,1123.8055555555457
7105,570,1124.5972222222124
7110,570,1125.3888888888791
7115,570,1126.1805555555459
7120,570,1126.9722222222126
7125,570,1127.7638888888794
7130,570,1128.555555555546
7135,570,1129.3472222222128
7140,570,1130.1388888888796
7145,570,1130.9305555555463
7150,570,1131.722222222213
7155,570,1132.5138888888798
7160,570,1133.3055555555466
7165,570,1134.0972222222133
7170,570,1134.88888888888
7175,570,1135.6805555555468
7180,570,1136.4722222222135
7185,570,1137.2638888888803
7190,570,1138.055555555547
7195,570,1138.8472222222138
7200,570,1139.6388888888805
7205,570,1140.4305555555472
7210,570,1141.222222222214
7215,570,1142.0138888888807
7220,570,1142.8055555555475
7225,570,1143.5972222222142
7230,570,1144.388888888881
7235,570,1145.1805555555477
7240,570,1145.9722222222144
7245,570,1146.7638888888812
7250,570,1147.555555555548
7255,570,1148.3472222222147
7260,570,1149.1388888888814
7265,570,1149.9305555555482
7270,570,1150.722222222215
7275,570,1151.5138888888816
7280,570,1152.3055555555484
7285,570,1153.0972222222151
7290,570,1153.8888888888819
7295,570,1154.6805555555486
7300,570,1155.4722222222154
7305,570,1156.263888888882
7310,570,1157.0555555555488
7315,570,1157.8472222222156
7320,570,1158.6388888888823
7325,570,1159.430555555549
7330,570,1160.2222222222158
7335,570,1161.0138888888825
7340,570,1161.8055555555493
7345,570,1162.597222222216
7350,570,1163.3888888888828
7355,570,1164.1805555555495
7360,570,1164.9722222222163
7365,570,1165.763888888883
7370,570,1166.5555555555497
7375,570,1167.3472222222165
7380,570,1168.1388888888832
7385,570,1168.93055555555
7390,570,1169.7222222222167
7395,570,1170.5138888888835
7400,570,1171.3055555555502
7405,570,1172.097222222217
7410,570,1172.8888888888837
7415,570,1173.6805555555504
7420,570,1174.4722222222172
7425,570,1175.263888888884
7430,570,1176.0555555555507
7435,570,1176.8472222222174
7440,570,1177.6388888888841
7445,570,1178.4305555555509
7450,570,1179.2222222222176
7455,570,1180.0138888888844
7460,570,1180.805555555551
7465,570,1181.5972222222179
7470,570,1182.3888888888846
7475,570,1183.1805555555513
7480,570,1183.972222222218
7485,570,1184.7638888888848
7490,570,1185.5555555555516
7495,570,1186.3472222222183
7500,570,1187.138888888885
7505,570,1187.9305555555518
7510,570,1188.7222222222185
7515,570,1189.5138888888853
7520,570,1190.305555555552
7525,570,1191.0972222222188
7530,570,1191.8888888888855
7535,570,1192.6805555555522
7540,570,1193.472222222219
7545,570,1194.2638888888857
7550,570,1195.0555555555525
7555,570,1195.8472222222192
7560,570,1196.638888888886
7565,570,1197.4305555555527
7570,570,1198.2222222222194
7575,570,1199.0138888888862
7580,570,1199.805555555553
7585,570,1200.5972222222197
7590,570,1201.3888888888864
7595,570,1202.1805555555532
7600,570,1202.97222222222
7605,570,1203.7638888888866
7610,570,1204.5555555555534
7615,570,1205.3472222222201
7620,570,1206.1388888888869
7625,570,1206.9305555555536
7630,570,1207.7222222222204
7635,570,1208.513888888887
7640,570,1209.3055555555538
7645,570,1210.0972222222206
7650,570,1210.8888888888873
7655,570,1211.680555555554
7660,570,1212.4722222222208
7665,570,1213.2638888888875
7670,570,1214.0555555555543
7675,570,1214.847222222221
7680,570,1215.6388888888878
7685,570,1216.4305555555545
7690,570,1217.2222222222213
7695,570,1218.013888888888
7700,570,1218.8055555555547
7705,570,1219.5972222222215
7710,570,1220.3888888888882
7715,570,1221.180555555555
7720,570,1221.9722222222217
7725,570,1222.7638888888885
7730,570,1223.5555555555552
7735,570,1224.347222222222
7740,570,1225.1388888888887
7745,570,1225.9305555555554
7750,570,1226.7222222222222
7755,570,1227.513888888889
7760,570,1228.3055555555557
7765,570,1229.0972222222224
7770,570,1229.8888888888891
7775,570,1230.6805555555559
7780,570,1231.4722222222226
7785,570,1232.2638888888894
7790,570,1233.055555555556
7795,570,1233.8472222222229
7800,570,1234.6388888888896
7805,570,1235.4305555555563
7810,570,1236.222222222223
7815,570,1237.0138888888898
7820,570,1237.8055555555566
7825,570,1238.5972222222233
7830,570,1239.38888888889
7835,570,1240.1805555555568
7840,570,1240.9722222222235
7845,570,1241.7638888888903
7850,570,1242.555555555557
7855,570,1243.3472222222238
7860,570,1244.1388888888905
7865,570,1244.9305555555572
7870,570,1245.722222222224
7875,570,1246.5138888888907
7880,570,1247.3055555555575
7885,570,1248.0972222222242
7890,570,1248.888888888891
7895,570,1249.6805555555577
7900,570,1250.4722222222244
7905,570,1251.2638888888912
7910,570,1252.055555555558
7915,570,1252.8472222222247
7920,570,1253.6388888888914
7925,570,1254.4305555555582
7930,570,1255.222222222225
7935,570,1256.0138888888916
7940,570,1256.8055555555584
7945,570,1257.5972222222251
7950,570,1258.3888888888919
7955,570,1259.1805555555586
7960,570,1259.9722222222254
7965,570,1260.763888888892
7970,570,1261.5555555555588
7975,570,1262.3472222222256
7980,570,1263.1388888888923
7985,570,1263.930555555559
7990,570,1264.7222222222258
7995,570,1265.5138888888926
8000,570,1266.3055555555593
8005,570,1267.097222222226
8010,570,1267.8888888888928
8015,570,1268.6805555555595
8020,570,1269.4722222222263
8025,570,1270.263888888893
8030,570,1271.0555555555597
8035,570,1271.8472222222265
8040,570,1272.6388888888932
8045,570,1273.43055555556
8050,570,1274.2222222222267
8055,570,1275.0138888888935
8060,570,1275.8055555555602
8065,570,1276.597222222227
8070,570,1277.3888888888937
8075,570,1278.1805555555604
8080,570,1278.9722222222272
8085,570,1279.763888888894
8090,570,1280.5555555555607
8095,570,1281.3472222222274
8100,570,1282.1388888888941
8105,570,1282.9305555555609
8110,570,1283.7222222222276
8115,570,1284.5138888888944
8120,570,1285.305555555561
8125,570,1286.0972222222279
8130,570,1286.8888888888946
8135,570,1287.6805555555613
8140,570,1288.472222222228
8145,570,1289.2638888888948
8150,570,1290.0555555555616
8155,570,1290.8472222222283
8160,570,1291.638888888895
8165,570,1292.4305555555618
8170,570,1293.2222222222285
8175,570,1294.0138888888953
8180,570,1294.805555555562
8185,570,1295.5972222222288
8190,570,1296.3888888888955
8195,570,1297.1805555555623
8200,570,1297.972222222229
8205,570,1298.7638888888957
8210,570,1299.5555555555625
8215,570,1300.3472222222292
8220,570,1301.138888888896
8225,570,1301.9305555555627
8230,570,1302.7222222222294
8235,570,1303.5138888888962
8240,570,1304.305555555563
8245,570,1305.0972222222297
8250,570,1305.8888888888964
8255,570,1306.6805555555632
8260,570,1307.47222222223
8265,570,1308.2638888888966
8270,570,1309.0555555555634
8275,570,1309.8472222222301
8280,570,1310.6388888888969
8285,570,1311.4305555555636
8290,570,1312.2222222222304
8295,570,1313.013888888897
8300,570,1313.8055555555638
8305,570,1314.5972222222306
8310,570,1315.3888888888973
8315,570,1316.180555555564
8320,570,1316.9722222222308
8325,570,1317.7638888888976
8330,570,1318.5555555555643
8335,570,1319.347222222231
8340,570,1320.1388888888978
8345,570,1320.9305555555645
8350,570,1321.7222222222313
8355,570,1322.513888888898
8360,570,1323.3055555555648
8365,570,1324.0972222222315
8370,570,1324.8888888888982
8375,570,1325.680555555565
8380,570,1326.4722222222317
8385,570,1327.2638888888985
8390,570,1328.0555555555652
8395,570,1328.847222222232
8400,570,1329.6388888888987
8405,570,1330.4305555555654
8410,570,1331.2222222222322
8415,570,1332.013888888899
8420,570,1332.8055555555657
8425,570,1333.5972222222324
8430,570,1334.3888888888991
8435,570,1335.180555555566
8440,570,1335.9722222222326
8445,570,1336.7638888888994
8450,570,1337.5555555555661
8455,570,1338.3472222222329
8460,570,1339.1388888888996
8465,570,1339.9305555555663
8470,570,1340.722222222233
8475,570,1341.5138888888998
8480,570,1342.3055555555666
8485,570,1343.0972222222333
8490,570,1343.8888888889
8495,570,1344.6805555555668
8500,570,1345.4722222222335
8505,570,1346.2638888889003
8510,570,1347.055555555567
8515,570,1347.8472222222338
8520,570,1348.6388888889005
8525,570,1349.4305555555673
8530,570,1350.222222222234
8535,570,1351.0138888889007
8540,570,1351.8055555555675
8545,570,1352.5972222222342
8550,570,1353.388888888901
8555,570,1354.1805555555677
8560,570,1354.9722222222344
8565,570,1355.7638888889012
8570,570,1356.555555555568
8575,570,1357.3472222222347
8580,570,1358.1388888889014
8585,570,1358.9305555555682
8590,570,1359.722222222235
8595,570,1360.5138888889016
8600,570,1361.3055555555684
8605,570,1362.0972222222351
8610,570,1362.8888888889019
8615,570,1363.6805555555686
8620,570,1364.4722222222354
8625,570,1365.263888888902
8630,570,1366.0555555555688
8635,570,1366.8472222222356
8640,570,1367.6388888889023
8645,570,1368.430555555569
8650,570,1369.2222222222358
8655,570,1370.0138888889026
8660,570,1370.8055555555693
8665,570,1371.597222222236
8670,570,1372.3888888889028
8675,570,1373.1805555555695
8680,570,1373.9722222222363
8685,570,1374.763888888903
8690,570,1375.5555555555698
8695,570,1376.3472222222365
8700,570,1377.1388888889032
8705,570,1377.93055555557
8710,570,1378.7222222222367
8715,570,1379.5138888889035
8720,570,1380.3055555555702
8725,570,1381.097222222237
8730,570,1381.8888888889037
8735,570,1382.6805555555704
8740,570,1383.4722222222372
8745,570,1384.263888888904
8750,570,1385.0555555555707
8755,570,1385.8472222222374
8760,570,1386.6388888889041
8765,570,1387.430555555571
8770,570,1388.2222222222376
8775,570,1389.0138888889044
8780,570,1389.8055555555711
8785,570,1390.5972222222379
8790,570,1391.3888888889046
8795,570,1392.1805555555713
8800,570,1392.972222222238
8805,570,1393.7638888889048
8810,570,1394.5555555555716
8815,570,1395.3472222222383
8820,570,1396.138888888905
8825,570,1396.9305555555718
8830,570,1397.7222222222385
8835,570,1398.5138888889053
8840,570,1399.305555555572
8845,570,1400.0972222222388
8850,570,1400.8888888889055
8855,570,1401.6805555555723
8860,570,1402.472222222239
8865,570,1403.2638888889057
8870,570,1404.0555555555725
8875,570,1404.8472222222392
8880,570,1405.638888888906
8885,570,1406.4305555555727
8890,570,1407.2222222222395
8895,570,1408.0138888889062
8900,570,1408.805555555573
8905,570,1409.5972222222397
8910,570,1410.3888888889064
8915,570,1411.1805555555732
8920,570,1411.97222222224
8925,570,1412.7638888889066
8930,570,1413.5555555555734
8935,570,1414.3472222222401
8940,570,1415.1388888889069
8945,570,1415.9305555555736
8950,570,1416.7222222222404
8955,570,1417.513888888907
8960,570,1418.3055555555738
8965,570,1419.0972222222406
8970,570,1419.8888888889073
8975,570,1420.680555555574
8980,570,1421.4722222222408
8985,570,1422.2638888889076
8990,570,1423.0555555555743
8995,570,1423.847222222241
9000,570,1424.6388888889078
9005,570,1425.4305555555745
9010,570,1426.2222222222413
9015,570,1427.013888888908
9020,570,1427.8055555555748
9025,570,1428.5972222222415
9030,570,1429.3888888889082
9035,570,1430.180555555575
9040,570,1430.9722222222417
9045,570,1431.7638888889085
9050,570,1432.5555555555752
9055,570,1433.347222222242
9060,570,1434.1388888889087
9065,570,1434.9305555555754
9070,570,1435.7222222222422
9075,570,1436.513888888909
9080,570,1437.3055555555757
9085,570,1438.0972222222424
9090,570,1438.8888888889092
9095,570,1439.680555555576
9100,570,1440.4722222222426
9105,570,1441.2638888889094
9110,570,1442.0555555555761
9115,570,1442.8472222222429
9120,570,1443.6388888889096
9125,570,1444.4305555555763
9130,570,1445.222222222243
9135,570,1446.0138888889098
9140,570,1446.8055555555766
9145,570,1447.5972222222433
9150,570,1448.38888888891
9155,570,1449.1805555555768
9160,570,1449.9722222222435
9165,570,1450.7638888889103
9170,570,1451.555555555577
9175,570,1452.3472222222438
9180,570,1453.1388888889105
9185,570,1453.9305555555773
9190,570,1454.722222222244
9195,570,1455.5138888889107
9200,570,1456.3055555555775
9205,570,1457.0972222222442
9210,570,1457.888888888911
9215,570,1458.6805555555777
9220,570,1459.4722222222445
9225,570,1460.2638888889112
9230,570,1461.055555555578
9235,570,1461.8472222222447
9240,570,1462.6388888889114
9245,570,1463.4305555555782
9250,570,1464.222222222245
9255,570,1465.0138888889117
9260,570,1465.8055555555784
9265,570,1466.5972222222451
9270,570,1467.3888888889119
9275,570,1468.1805555555786
9280,570,1468.9722222222454
9285,570,1469.763888888912
9290,570,1470.5555555555788
9295,570,1471.3472222222456
9300,570,1472.1388888889123
9305,570,1472.930555555579
9310,570,1473.7222222222458
9315,570,1474.5138888889126
9320,570,1475.3055555555793
9325,570,1476.097222222246
9330,570,1476.8888888889128
9335,570,1477.6805555555795
9340,570,1478.4722222222463
9345,570,1479.263888888913
9350,570,1480.0555555555798
9355,570,1480.8472222222465
9360,570,1481.6388888889132
9365,570,1482.43055555558
9370,570,1483.2222222222467
9375,570,1484.0138888889135
9380,570,1484.8055555555802
9385,570,1485.597222222247
9390,570,1486.3888888889137
9395,570,1487.1805555555804
9400,570,1487.9722222222472
9405,570,1488.763888888914
9410,570,1489.5555555555807
9415,570,1490.3472222222474
9420,570,1491.1388888889142
9425,570,1491.930555555581
9430,570,1492.7222222222476
9435,570,1493.5138888889144
9440,570,1494.3055555555811
9445,570,1495.0972222222479
9450,570,1495.8888888889146
9455,570,1496.6805555555813
9460,570,1497.472222222248
9465,570,1498.2638888889148
9470,570,1499.0555555555816
9475,570,1499.8472222222483
9480,570,1500.638888888915
9485,570,1501.4305555555818
9490,570,1502.2222222222485
9495,570,1503.0138888889153
9500,570,1503.805555555582
9505,570,1504.5972222222488
9510,570,1505.3888888889155
9515,570,1506.1805555555823
9520,570,1506.972222222249
9525,570,1507.7638888889157
9530,570,1508.5555555555825
9535,570,1509.3472222222492
9540,570,1510.138888888916
9545,570,1510.9305555555827
9550,570,1511.7222222222495
9555,570,1512.5138888889162
9560,570,1513.305555555583
9565,570,1514.0972222222497
9570,570,1514.8888888889164
9575,570,1515.6805555555832
9580,570,1516.47222222225
9585,570,1517.2638888889167
9590,570,1518.0555555555834
9595,570,1518.8472222222501
9600,570,1519.6388888889169
9605,570,1520.4305555555836
9610,570,1521.2222222222504
9615,570,1522.013888888917
9620,570,1522.8055555555839
9625,570,1523.5972222222506
9630,570,1524.3888888889173
9635,570,1525.180555555584
9640,570,1525.9722222222508
9645,570,1526.7638888889176
9650,570,1527.5555555555843
9655,570,1528.347222222251
9660,570,1529.1388888889178
9665,570,1529.9305555555845
9670,570,1530.7222222222513
9675,570,1531.513888888918
9680,570,1532.3055555555848
9685,570,1533.0972222222515
9690,570,1533.8888888889182
9695,570,1534.680555555585
9700,570,1535.4722222222517
9705,570,1536.2638888889185
9710,570,1537.0555555555852
9715,570,1537.847222222252
9720,570,1538.6388888889187
9725,570,1539.4305555555854
9730,570,1540.2222222222522
9735,570,1541.013888888919
9740,570,1541.8055555555857
9745,570,1542.5972222222524
9750,570,1543.3888888889192
9755,570,1544.180555555586
9760,570,1544.9722222222526
9765,570,1545.7638888889194
9770,570,1546.5555555555861
9775,570,1547.3472222222529
9780,570,1548.1388888889196
9785,570,1548.9305555555864
9790,570,1549.722222222253
9795,570,1550.5138888889198
9800,570,1551.3055555555866
9805,570,1552.0972222222533
9810,570,1552.88888888892
9815,570,1553.6805555555868
9820,570,1554.4722222222535
9825,570,1555.2638888889203
9830,570,1556.055555555587
9835,570,1556.8472222222538
9840,570,1557.6388888889205
9845,570,1558.4305555555873
9850,570,1559.222222222254
9855,570,1560.0138888889207
9860,570,1560.8055555555875
9865,570,1561.5972222222542
9870,570,1562.388888888921
9875,570,1563.1805555555877
9880,570,1563.9722222222545
9885,570,1564.7638888889212
9890,570,1565.555555555588
9895,570,1566.3472222222547
9900,570,1567.1388888889214
9905,570,1567.9305555555882
9910,570,1568.722222222255
9915,570,1569.5138888889217
9920,570,1570.3055555555884
9925,570,1571.0972222222551
9930,570,1571.8888888889219
9935,570,1572.6805555555886
9940,570,1573.4722222222554
9945,570,1574.263888888922
9950,570,1575.0555555555889
9955,570,1575.8472222222556
9960,570,1576.6388888889223
9965,570,1577.430555555589
9970,570,1578.2222222222558
9975,570,1579.0138888889226
9980,570,1579.8055555555893
9985,570,1580.597222222256
9990,570,1581.3888888889228
9995,570,1582.1805555555895
10000,570,1582.9722222222563
10005,570,1583.763888888923
10010,570,1584.5555555555898
10015,570,1585.3472222222565
10020,570,1586.1388888889232
10025,570,1586.93055555559
10030,570,1587.7222222222567
10035,570,1588.5138888889235
10040,570,1589.3055555555902
10045,570,1590.097222222257
10050,570,1590.8888888889237
10055,570,1591.6805555555904
10060,570,1592.4722222222572
10065,570,1593.263888888924
10070,570,1594.0555555555907
10075,570,1594.8472222222574
10080,570,1595.6388888889242
10085,570,1596.430555555591
10090,570,1597.2222222222576
10095,570,1598.0138888889244
10100,570,1598.8055555555911
10105,570,1599.5972222222579
10110,570,1600.3888888889246
10115,570,1601.1805555555914
10120,570,1601.972222222258
10125,570,1602.7638888889248
10130,570,1603.5555555555916
10135,570,1604.3472222222583
10140,570,1605.138888888925
10145,570,1605.9305555555918
10150,570,1606.7222222222586
10155,570,1607.5138888889253
10160,570,1608.305555555592
10165,570,1609.0972222222588
10170,570,1609.8888888889255
10175,570,1610.6805555555923
10180,570,1611.472222222259
10185,570,1612.2638888889257
10190,570,1613.0555555555925
10195,570,1613.8472222222592
10200,570,1614.638888888926
10205,570,1615.4305555555927
10210,570,1616.2222222222595
10215,570,1617.0138888889262
10220,570,1617.805555555593
10225,570,1618.5972222222597
10230,570,1619.3888888889264
10235,570,1620.1805555555932
10240,570,1620.97222222226
10245,570,1621.7638888889267
10250,570,1622.5555555555934
10255,570,1623.3472222222601
10260,570,1624.1388888889269
10265,570,1624.9305555555936
10270,570,1625.7222222222604
10275,570,1626.513888888927
10280,570,1627.3055555555939
10285,570,1628.0972222222606
10290,570,1628.8888888889273
10295,570,1629.680555555594
10300,570,1630.4722222222608
10305,570,1631.2638888889276
10310,570,1632.0555555555943
10315,570,1632.847222222261
10320,570,1633.6388888889278
10325,570,1634.4305555555945
10330,570,1635.2222222222613
10335,570,1636.013888888928
10340,570,1636.8055555555948
10345,570,1637.5972222222615
10350,570,1638.3888888889282
10355,570,1639.180555555595
10360,570,1639.9722222222617
10365,570,1640.7638888889285
10370,570,1641.5555555555952
10375,570,1642.347222222262
10380,570,1643.1388888889287
10385,570,1643.9305555555954
10390,570,1644.7222222222622
10395,570,1645.513888888929
10400,570,1646.3055555555957
10405,570,1647.0972222222624
10410,570,1647.8888888889292
10415,570,1648.680555555596
10420,570,1649.4722222222626
10425,570,1650.2638888889294
10430,570,1651.0555555555961
10435,570,1651.8472222222629
10440,570,1652.6388888889296
10445,570,1653.4305555555964
10450,570,1654.222222222263
10455,570,1655.0138888889298
10460,570,1655.8055555555966
10465,570,1656.5972222222633
10470,570,1657.38888888893
10475,570,1658.1805555555968
10480,570,1658.9722222222636
10485,570,1659.7638888889303
10490,570,1660.555555555597
10495,570,1661.3472222222638
10500,570,1662.1388888889305
10505,570,1662.9305555555973
10510,570,1663.722222222264
10515,570,1664.5138888889308
10520,570,1665.3055555555975
10525,570,1666.0972222222642
10530,570,1666.888888888931
10535,570,1667.6805555555977
10540,570,1668.4722222222645
10545,570,1669.2638888889312
10550,570,1670.055555555598
10555,570,1670.8472222222647
10560,570,1671.6388888889314
10565,570,1672.4305555555982
10570,570,1673.222222222265
10575,570,1674.0138888889317
10580,570,1674.8055555555984
10585,570,1675.5972222222651
10590,570,1676.388888888932
10595,570,1677.1805555555986
10600,570,1677.9722222222654
10605,570,1678.7638888889321
10610,570,1679.5555555555989
10615,570,1680.3472222222656
10620,570,1681.1388888889323
10625,570,1681.930555555599
10630,570,1682.7222222222658
10635,570,1683.5138888889326
10640,570,1684.3055555555993
10645,570,1685.097222222266
10650,570,1685.8888888889328
10655,570,1686.6805555555995
10660,570,1687.4722222222663
10665,570,1688.263888888933
10670,570,1689.0555555555998
10675,570,1689.8472222222665
10680,570,1690.6388888889333
10685,570,1691.4305555556
10690,570,1692.2222222222667
10695,570,1693.0138888889335
10700,570,1693.8055555556002
10705,570,1694.597222222267
10710,570,1695.3888888889337
10715,570,1696.1805555556004
10720,570,1696.9722222222672
10725,570,1697.763888888934
10730,570,1698.5555555556007
10735,570,1699.3472222222674
10740,570,1700.1388888889342
10745,570,1700.930555555601
10750,570,1701.7222222222676
10755,570,1702.5138888889344
10760,570,1703.3055555556011
10765,570,1704.0972222222679
10770,570,1704.8888888889346
10775,570,1705.6805555556014
10780,570,1706.472222222268
10785,570,1707.2638888889348
10790,570,1708.0555555556016
10795,570,1708.8472222222683
10800,570,1709.638888888935
10805,570,1710.4305555556018
10810,570,1711.2222222222686
10815,570,1712.0138888889353
10820,570,1712.805555555602
10825,570,1713.5972222222688
10830,570,1714.3888888889355
10835,570,1715.1805555556023
10840,570,1715.972222222269
10845,570,1716.7638888889358
10850,570,1717.5555555556025
10855,570,1718.3472222222692
10860,570,1719.138888888936
10865,570,1719.9305555556027
10870,570,1720.7222222222695
10875,570,1721.5138888889362
10880,570,1722.305555555603
10885,570,1723.0972222222697
10890,570,1723.8888888889364
10895,570,1724.6805555556032
10900,570,1725.47222222227
10905,570,1726.2638888889367
10910,570,1727.0555555556034
10915,570,1727.8472222222701
10920,570,1728.638888888937
10925,570,1729.4305555556036
10930,570,1730.2222222222704
10935,570,1731.0138888889371
10940,570,1731.8055555556039
10945,570,1732.5972222222706
10950,570,1733.3888888889373
10955,570,1734.180555555604
10960,570,1734.9722222222708
10965,570,1735.7638888889376
10970,570,1736.5555555556043
10975,570,1737.347222222271
10980,570,1738.1388888889378
10985,570,1738.9305555556045
10990,570,1739.7222222222713
10995,570,1740.513888888938
11000,570,1741.3055555556048
11005,570,1742.0972222222715
11010,570,1742.8888888889383
11015,570,1743.680555555605
11020,570,1744.4722222222717
11025,570,1745.2638888889385
11030,570,1746.0555555556052
11035,570,1746.847222222272
11040,570,1747.6388888889387
11045,570,1748.4305555556055
11050,570,1749.2222222222722
11055,570,1750.013888888939
11060,570,1750.8055555556057
11065,570,1751.5972222222724
11070,570,1752.3888888889392
11075,570,1753.180555555606
11080,570,1753.9722222222726
11085,570,1754.7638888889394
11090,570,1755.5555555556061
11095,570,1756.3472222222729
11100,570,1757.1388888889396
11105,570,1757.9305555556064
11110,570,1758.722222222273
11115,570,1759.5138888889398
11120,570,1760.3055555556066
11125,570,1761.0972222222733
11130,570,1761.88888888894
11135,570,1762.6805555556068
11140,570,1763.4722222222736
11145,570,1764.2638888889403
11150,570,1765.055555555607
11155,570,1765.8472222222738
11160,570,1766.6388888889405
11165,570,1767.4305555556073
11170,570,1768.222222222274
11175,570,1769.0138888889408
11180,570,1769.8055555556075
11185,570,1770.5972222222742
11190,570,1771.388888888941
11195,570,1772.1805555556077
11200,570,1772.9722222222745
11205,570,1773.7638888889412
11210,570,1774.555555555608
11215,570,1775.3472222222747
11220,570,1776.1388888889414
11225,570,1776.9305555556082
11230,570,1777.722222222275
11235,570,1778.5138888889417
11240,570,1779.3055555556084
11245,570,1780.0972222222751
11250,570,1780.888888888942
11255,570,1781.6805555556086
11260,570,1782.4722222222754
11265,570,1783.2638888889421
11270,570,1784.0555555556089
11275,570,1784.8472222222756
11280,570,1785.6388888889423
11285,570,1786.430555555609
11290,570,1787.2222222222758
11295,570,1788.0138888889426
11300,570,1788.8055555556093
11305,570,1789.597222222276
11310,570,1790.3888888889428
11315,570,1791.1805555556095
11320,570,1791.9722222222763
11325,570,1792.763888888943
11330,570,1793.5555555556098
11335,570,1794.3472222222765
11340,570,1795.1388888889433
11345,570,1795.93055555561
11350,570,1796.7222222222767
11355,570,1797.5138888889435
11360,570,1798.3055555556102
11365,570,1799.097222222277
11370,570,1799.8888888889437
11375,570,1800.6805555556105
11380,570,1801.4722222222772
11385,570,1802.263888888944
11390,570,1803.0555555556107
11395,570,1803.8472222222774
11400,570,1804.6388888889442
11405,570,1805.430555555611
11410,570,1806.2222222222777
11415,570,1807.0138888889444
11420,570,1807.8055555556111
11425,570,1808.5972222222779
11430,570,1809.3888888889446
11435,570,1810.1805555556114
11440,570,1810.972222222278
11445,570,1811.7638888889448
11450,570,1812.5555555556116
11455,570,1813.3472222222783
11460,570,1814.138888888945
11465,570,1814.9305555556118
11470,570,1815.7222222222786
11475,570,1816.5138888889453
11480,570,1817.305555555612
11485,570,1818.0972222222788
11490,570,1818.8888888889455
11495,570,1819.6805555556123
11500,570,1820.472222222279
11505,570,1821.2638888889458
11510,570,1822.0555555556125
11515,570,1822.8472222222792
11520,570,1823.638888888946
11525,570,1824.4305555556127
11530,570,1825.2222222222795
11535,570,1826.0138888889462
11540,570,1826.805555555613
11545,570,1827.5972222222797
11550,570,1828.3888888889464
11555,570,1829.1805555556132
11560,570,1829.97222222228
11565,570,1830.7638888889467
11570,570,1831.5555555556134
11575,570,1832.3472222222802
11580,570,1833.138888888947
11585,570,1833.9305555556136
11590,570,1834.7222222222804
11595,570,1835.5138888889471
11600,570,1836.3055555556139
11605,570,1837.0972222222806
11610,570,1837.8888888889473
11615,570,1838.680555555614
11620,570,1839.4722222222808
11625,570,1840.2638888889476
11630,570,1841.0555555556143
11635,570,1841.847222222281
11640,570,1842.6388888889478
11645,570,1843.4305555556145
11650,570,1844.2222222222813
11655,570,1845.013888888948
11660,570,1845.8055555556148
11665,570,1846.5972222222815
11670,570,1847.3888888889483
11675,570,1848.180555555615
11680,570,1848.9722222222817
11685,570,1849.7638888889485
11690,570,1850.5555555556152
11695,570,1851.347222222282
11700,570,1852.1388888889487
11705,570,1852.9305555556155
11710,570,1853.7222222222822
11715,570,1854.513888888949
11720,570,1855.3055555556157
11725,570,1856.0972222222824
11730,570,1856.8888888889492
11735,570,1857.680555555616
11740,570,1858.4722222222827
11745,570,1859.2638888889494
11750,570,1860.0555555556161
11755,570,1860.8472222222829
11760,570,1861.6388888889496
11765,570,1862.4305555556164
11770,570,1863.222222222283
11775,570,1864.0138888889499
11780,570,1864.8055555556166
11785,570,1865.5972222222833
11790,570,1866.38888888895
11795,570,1867.1805555556168
11800,570,1867.9722222222836
11805,570,1868.7638888889503
11810,570,1869.555555555617
11815,570,1870.3472222222838
11820,570,1871.1388888889505
11825,570,1871.9305555556173
11830,570,1872.722222222284
11835,570,1873.5138888889508
11840,570,1874.3055555556175
11845,570,1875.0972222222842
11850,570,1875.888888888951
11855,570,1876.6805555556177
11860,570,1877.4722222222845
11865,570,1878.2638888889512
11870,570,1879.055555555618
11875,570,1879.8472222222847
11880,570,1880.6388888889514
11885,570,1881.4305555556182
11890,570,1882.222222222285
11895,570,1883.0138888889517
11900,570,1883.8055555556184
11905,570,1884.5972222222852
11910,570,1885.388888888952
11915,570,1886.1805555556186
11920,570,1886.9722222222854
11925,570,1887.7638888889521
11930,570,1888.5555555556189
11935,570,1889.3472222222856
11940,570,1890.1388888889524
11945,570,1890.930555555619
11950,570,1891.7222222222858
11955,570,1892.5138888889526
11960,570,1893.3055555556193
11965,570,1894.097222222286
11970,570,1894.8888888889528
11975,570,1895.6805555556195
11980,570,1896.4722222222863
11985,570,1897.263888888953
11990,570,1898.0555555556198
11995,570,1898.8472222222865
12000,570,1899.6388888889533
12005,570,1900.43055555562
12010,570,1901.2222222222867
12015,570,1902.0138888889535
12020,570,1902.8055555556202
12025,570,1903.597222222287
12030,570,1904.3888888889537
12035,570,1905.1805555556205
12040,570,1905.9722222222872
12045,570,1906.763888888954
12050,570,1907.5555555556207
12055,570,1908.3472222222874
12060,570,1909.1388888889542
12065,570,1909.930555555621
12070,570,1910.7222222222877
12075,570,1911.5138888889544
12080,570,1912.3055555556211
12085,570,1913.0972222222879
12090,570,1913.8888888889546
12095,570,1914.6805555556214
12100,570,1915.472222222288
12105,570,1916.2638888889549
12110,570,1917.0555555556216
12115,570,1917.8472222222883
12120,570,1918.638888888955
12125,570,1919.4305555556218
12130,570,1920.2222222222886
12135,570,1921.0138888889553
12140,570,1921.805555555622
12145,570,1922.5972222222888
12150,570,1923.3888888889555
12155,570,1924.1805555556223
12160,570,1924.972222222289
12165,570,1925.7638888889558
12170,570,1926.5555555556225
12175,570,1927.3472222222892
12180,570,1928.138888888956
12185,570,1928.9305555556227
12190,570,1929.7222222222895
12195,570,1930.5138888889562
12200,570,1931.305555555623
12205,570,1932.0972222222897
12210,570,1932.8888888889564
12215,570,1933.6805555556232
12220,570,1934.47222222229
12225,570,1935.2638888889567
12230,570,1936.0555555556234
12235,570,1936.8472222222902
12240,570,1937.638888888957
12245,570,1938.4305555556236
12250,570,1939.2222222222904
12255,570,1940.0138888889571
12260,570,1940.8055555556239
12265,570,1941.5972222222906
12270,570,1942.3888888889574
12275,570,1943.180555555624
12280,570,1943.9722222222908
12285,570,1944.7638888889576
12290,570,1945.5555555556243
12295,570,1946.347222222291
12300,570,1947.1388888889578
12305,570,1947.9305555556246
12310,570,1948.7222222222913
12315,570,1949.513888888958
12320,570,1950.3055555556248
12325,570,1951.0972222222915
12330,570,1951.8888888889583
12335,570,1952.680555555625
12340,570,1953.4722222222917
12345,570,1954.2638888889585
12350,570,1955.0555555556252
12355,570,1955.847222222292
12360,570,1956.6388888889587
12365,570,1957.4305555556255
12370,570,1958.2222222222922
12375,570,1959.013888888959
12380,570,1959.8055555556257
12385,570,1960.5972222222924
12390,570,1961.3888888889592
12395,570,1962.180555555626
12400,570,1962.9722222222927
12405,570,1963.7638888889594
12410,570,1964.5555555556261
12415,570,1965.3472222222929
12420,570,1966.1388888889596
12425,570,1966.9305555556264
12430,570,1967.722222222293
12435,570,1968.5138888889599
12440,570,1969.3055555556266
12445,570,1970.0972222222933
12450,570,1970.88888888896
12455,570,1971.6805555556268
12460,570,1972.4722222222936
12465,570,1973.2638888889603
12470,570,1974.055555555627
12475,570,1974.8472222222938
12480,570,1975.6388888889605
12485,570,1976.4305555556273
12490,570,1977.222222222294
12495,570,1978.0138888889608
12500,570,1978.8055555556275
12505,570,1979.5972222222942
12510,570,1980.388888888961
12515,570,1981.1805555556277
12520,570,1981.9722222222945
12525,570,1982.7638888889612
12530,570,1983.555555555628
12535,570,1984.3472222222947
12540,570,1985.1388888889614
12545,570,1985.9305555556282
12550,570,1986.722222222295
12555,570,1987.5138888889617
12560,570,1988.3055555556284
12565,570,1989.0972222222952
12570,570,1989.888888888962
12575,570,1990.6805555556286
12580,570,1991.4722222222954
12585,570,1992.2638888889621
12590,570,1993.0555555556289
12595,570,1993.8472222222956
12600,570,1994.6388888889624
12605,570,1995.430555555629
12610,570,1996.2222222222958
12615,570,1997.0138888889626
12620,570,1997.8055555556293
12625,570,1998.597222222296
12630,570,1999.3888888889628
12635,570,2000.1805555556296
12640,570,2000.9722222222963
12645,570,2001.763888888963
12650,570,2002.5555555556298
12655,570,2003.3472222222965
12660,570,2004.1388888889633
12665,570,2004.93055555563
12670,570,2005.7222222222968
12675,570,2006.5138888889635
12680,570,2007.3055555556302
12685,570,2008.097222222297
12690,570,2008.8888888889637
12695,570,2009.6805555556305
12700,570,2010.4722222222972
12705,570,2011.263888888964
12710,570,2012.0555555556307
12715,570,2012.8472222222974
12720,570,2013.6388888889642
12725,570,2014.430555555631
12730,570,2015.2222222222977
12735,570,2016.0138888889644
12740,570,2016.8055555556311
12745,570,2017.597222222298
12750,570,2018.3888888889646
12755,570,2019.1805555556314
12760,570,2019.9722222222981
12765,570,2020.7638888889649
12770,570,2021.5555555556316
12775,570,2022.3472222222983
12780,570,2023.138888888965
12785,570,2023.9305555556318
12790,570,2024.7222222222986
12795,570,2025.5138888889653
12800,570,2026.305555555632
12805,570,2027.0972222222988
12810,570,2027.8888888889655
12815,570,2028.6805555556323
12820,570,2029.472222222299
12825,570,2030.2638888889658
12830,570,2031.0555555556325
12835,570,2031.8472222222993
12840,570,2032.638888888966
12845,570,2033.4305555556327
12850,570,2034.2222222222995
12855,570,2035.0138888889662
12860,570,2035.805555555633
12865,570,2036.5972222222997
12870,570,2037.3888888889664
12875,570,2038.1805555556332
12880,570,2038.9722222223
12885,570,2039.7638888889667
12890,570,2040.5555555556334
12895,570,2041.3472222223002
12900,570,2042.138888888967
12905,570,2042.9305555556336
12910,570,2043.7222222223004
12915,570,2044.5138888889671
12920,570,2045.3055555556339
12925,570,2046.0972222223006
12930,570,2046.8888888889674
12935,570,2047.680555555634
12940,570,2048.472222222301
12945,570,2049.2638888889674
12950,570,2050.055555555634
12955,570,2050.8472222223004
12960,570,2051.638888888967
12965,570,2052.4305555556334
12970,570,2053.2222222223
12975,570,2054.0138888889664
12980,570,2054.805555555633
12985,570,2055.5972222222995
12990,570,2056.388888888966
12995,570,2057.1805555556325
13000,570,2057.972222222299
13005,570,2058.7638888889655
13010,570,2059.555555555632
13015,570,2060.3472222222986
13020,570,2061.138888888965
13025,570,2061.9305555556316
13030,570,2062.722222222298
13035,570,2063.5138888889646
13040,570,2064.305555555631
13045,570,2065.0972222222977
13050,570,2065.888888888964
13055,570,2066.6805555556307
13060,570,2067.472222222297
13065,570,2068.2638888889637
13070,570,2069.0555555556302
13075,570,2069.8472222222968
13080,570,2070.6388888889633
13085,570,2071.43055555563
13090,570,2072.2222222222963
13095,570,2073.013888888963
13100,570,2073.8055555556293
13105,570,2074.597222222296
13110,570,2075.3888888889624
13115,570,2076.180555555629
13120,570,2076.9722222222954
13125,570,2077.763888888962
13130,570,2078.5555555556284
13135,570,2079.347222222295
13140,570,2080.1388888889614
13145,570,2080.930555555628
13150,570,2081.7222222222945
13155,570,2082.513888888961
13160,570,2083.3055555556275
13165,570,2084.097222222294
13170,570,2084.8888888889605
13175,570,2085.680555555627
13180,570,2086.4722222222936
13185,570,2087.26388888896
13190,570,2088.0555555556266
13195,570,2088.847222222293
13200,570,2089.6388888889596
13205,570,2090.430555555626
13210,570,2091.2222222222927
13215,570,2092.013888888959
13220,570,2092.8055555556257
13225,570,2093.597222222292
13230,570,2094.3888888889587
13235,570,2095.1805555556252
13240,570,2095.9722222222917
13245,570,2096.7638888889583
13250,570,2097.555555555625
13255,570,2098.3472222222913
13260,570,2099.138888888958
13265,570,2099.9305555556243
13270,570,2100.722222222291
13275,570,2101.5138888889574
13280,570,2102.305555555624
13285,570,2103.0972222222904
13290,570,2103.888888888957
13295,570,2104.6805555556234
13300,570,2105.47222222229
13305,570,2106.2638888889564
13310,570,2107.055555555623
13315,570,2107.8472222222895
13320,570,2108.638888888956
13325,570,2109.4305555556225
13330,570,2110.222222222289
13335,570,2111.0138888889555
13340,570,2111.805555555622
13345,570,2112.5972222222886
13350,570,2113.388888888955
13355,570,2114.1805555556216
13360,570,2114.972222222288
13365,570,2115.7638888889546
13370,570,2116.555555555621
13375,570,2117.3472222222877
13380,570,2118.138888888954
13385,570,2118.9305555556207
13390,570,2119.722222222287
13395,570,2120.5138888889537
13400,570,2121.3055555556202
13405,570,2122.0972222222867
13410,570,2122.8888888889533
13415,570,2123.68055555562
13420,570,2124.4722222222863
13425,570,2125.263888888953
13430,570,2126.0555555556193
13435,570,2126.847222222286
13440,570,2127.6388888889524
13445,570,2128.430555555619
13450,570,2129.2222222222854
13455,570,2130.013888888952
13460,570,2130.8055555556184
13465,570,2131.597222222285
13470,570,2132.3888888889514
13475,570,2133.180555555618
13480,570,2133.9722222222845
13485,570,2134.763888888951
13490,570,2135.5555555556175
13495,570,2136.347222222284
13500,570,2137.1388888889505
13505,570,2137.930555555617
13510,570,2138.7222222222836
13515,570,2139.51388888895
13520,570,2140.3055555556166
13525,570,2141.097222222283
13530,570,2141.8888888889496
13535,570,2142.680555555616
13540,570,2143.4722222222827
13545,570,2144.263888888949
13550,570,2145.0555555556157
13555,570,2145.847222222282
13560,570,2146.6388888889487
13565,570,2147.4305555556152
13570,570,2148.2222222222817
13575,570,2149.0138888889483
13580,570,2149.805555555615
13585,570,2150.5972222222813
13590,570,2151.388888888948
13595,570,2152.1805555556143
13600,570,2152.972222222281
13605,570,2153.7638888889473
13610,570,2154.555555555614
13615,570,2155.3472222222804
13620,570,2156.138888888947
13625,570,2156.9305555556134
13630,570,2157.72222222228
13635,570,2158.5138888889464
13640,570,2159.305555555613
13645,570,2160.0972222222795
13650,570,2160.888888888946
13655,570,2161.6805555556125
13660,570,2162.472222222279
13665,570,2163.2638888889455
13670,570,2164.055555555612
13675,570,2164.8472222222786
13680,570,2165.638888888945
13685,570,2166.4305555556116
13690,570,2167.222222222278
13695,570,2168.0138888889446
13700,570,2168.805555555611
13705,570,2169.5972222222777
13710,570,2170.388888888944
13715,570,2171.1805555556107
13720,570,2171.972222222277
13725,570,2172.7638888889437
13730,570,2173.55555555561
13735,570,2174.3472222222767
13740,570,2175.1388888889433
13745,570,2175.9305555556098
13750,570,2176.7222222222763
13755,570,2177.513888888943
13760,570,2178.3055555556093
13765,570,2179.097222222276
13770,570,2179.8888888889423
13775,570,2180.680555555609
13780,570,2181.4722222222754
13785,570,2182.263888888942
13790,570,2183.0555555556084
13795,570,2183.847222222275
13800,570,2184.6388888889414
13805,570,2185.430555555608
13810,570,2186.2222222222745
13815,570,2187.013888888941
13820,570,2187.8055555556075
13825,570,2188.597222222274
13830,570,2189.3888888889405
13835,570,2190.180555555607
13840,570,2190.9722222222736
13845,570,2191.76388888894
13850,570,2192.5555555556066
13855,570,2193.347222222273
13860,570,2194.1388888889396
13865,570,2194.930555555606
13870,570,2195.7222222222726
13875,570,2196.513888888939
13880,570,2197.3055555556057
13885,570,2198.097222222272
13890,570,2198.8888888889387
13895,570,2199.680555555605
13900,570,2200.4722222222717
13905,570,2201.2638888889383
13910,570,2202.0555555556048
13915,570,2202.8472222222713
13920,570,2203.638888888938
13925,570,2204.4305555556043
13930,570,2205.222222222271
13935,570,2206.0138888889373
13940,570,2206.805555555604
13945,570,2207.5972222222704
13950,570,2208.388888888937
13955,570,2209.1805555556034
13960,570,2209.97222222227
13965,570,2210.7638888889364
13970,570,2211.555555555603
13975,570,2212.3472222222695
13980,570,2213.138888888936
13985,570,2213.9305555556025
13990,570,2214.722222222269
13995,570,2215.5138888889355
14000,570,2216.305555555602
14005,570,2217.0972222222686
14010,570,2217.888888888935
14015,570,2218.6805555556016
14020,570,2219.472222222268
14025,570,2220.2638888889346
14030,570,2221.055555555601
14035,570,2221.8472222222676
14040,570,2222.638888888934
14045,570,2223.4305555556007
14050,570,2224.222222222267
14055,570,2225.0138888889337
14060,570,2225.8055555556
14065,570,2226.5972222222667
14070,570,2227.3888888889333
14075,570,2228.1805555555998
14080,570,2228.9722222222663
14085,570,2229.763888888933
14090,570,2230.5555555555993
14095,570,2231.347222222266
14100,570,2232.1388888889323
14105,570,2232.930555555599
14110,570,2233.7222222222654
14115,570,2234.513888888932
14120,570,2235.3055555555984
14125,570,2236.097222222265
14130,570,2236.8888888889314
14135,570,2237.680555555598
14140,570,2238.4722222222645
14145,570,2239.263888888931
14150,570,2240.0555555555975
14155,570,2240.847222222264
14160,570,2241.6388888889305
14165,570,2242.430555555597
14170,570,2243.2222222222636
14175,570,2244.01388888893
14180,570,2244.8055555555966
14185,570,2245.597222222263
14190,570,2246.3888888889296
14195,570,2247.180555555596
14200,570,2247.9722222222626
14205,570,2248.763888888929
14210,570,2249.5555555555957
14215,570,2250.347222222262
14220,570,2251.1388888889287
14225,570,2251.930555555595
14230,570,2252.7222222222617
14235,570,2253.5138888889282
14240,570,2254.3055555555948
14245,570,2255.0972222222613
14250,570,2255.888888888928
14255,570,2256.6805555555943
14260,570,2257.472222222261
14265,570,2258.2638888889273
14270,570,2259.055555555594
14275,570,2259.8472222222604
14280,570,2260.638888888927
14285,570,2261.4305555555934
14290,570,2262.22222222226
14295,570,2263.0138888889264
14300,570,2263.805555555593
14305,570,2264.5972222222595
14310,570,2265.388888888926
14315,570,2266.1805555555925
14320,570,2266.972222222259
14325,570,2267.7638888889255
14330,570,2268.555555555592
14335,570,2269.3472222222586
14340,570,2270.138888888925
14345,570,2270.9305555555916
14350,570,2271.722222222258
14355,570,2272.5138888889246
14360,570,2273.305555555591
14365,570,2274.0972222222576
14370,570,2274.888888888924
14375,570,2275.6805555555907
14380,570,2276.472222222257
14385,570,2277.2638888889237
14390,570,2278.05555555559
14395,570,2278.8472222222567
14400,570,2279.6388888889232
